"Date (UTC)","Timestamp (UTC)","December 31, 2025","January 31, 2026"
"01-01-2025 00:00","1735689604","0.14",""
"01-02-2025 00:00","1735776003","0.155",""
"01-03-2025 00:00","1735862404","0.16",""
"01-04-2025 00:00","1735948803","0.16",""
"01-05-2025 00:00","1736035203","0.17",""
"01-06-2025 00:00","1736121603","0.17",""
"01-07-2025 00:00","1736208004","0.275",""
"01-08-2025 00:00","1736294403","0.315",""
"01-09-2025 00:00","1736380803","0.325",""
"01-10-2025 00:00","1736467204","0.32",""
"01-11-2025 00:00","1736553604","0.275",""
"01-12-2025 00:00","1736640004","0.285",""
"01-13-2025 00:00","1736726404","0.275",""
"01-14-2025 00:00","1736812803","0.285",""
"01-15-2025 00:00","1736899203","0.285",""
"01-16-2025 00:00","1736985604","0.25",""
"01-17-2025 00:00","1737072004","0.24",""
"01-18-2025 00:00","1737158404","0.265",""
"01-19-2025 00:00","1737244804","0.315",""
"01-20-2025 00:00","1737331204","0.265",""
"01-21-2025 00:00","1737417603","0.265",""
"01-22-2025 00:00","1737504003","0.255",""
"01-23-2025 00:00","1737590404","0.245",""
"01-24-2025 00:00","1737676803","0.245",""
"01-25-2025 00:00","1737763205","0.25",""
"01-26-2025 00:00","1737849604","0.235",""
"01-27-2025 00:00","1737936004","0.245",""
"01-28-2025 00:00","1738022404","0.22",""
"01-29-2025 00:00","1738108804","0.22",""
"01-30-2025 00:00","1738195205","0.215",""
"01-31-2025 00:00","1738281604","0.215",""
"02-01-2025 00:00","1738368005","0.2",""
"02-02-2025 00:00","1738454404","0.205",""
"02-03-2025 00:00","1738540805","0.2",""
"02-04-2025 00:00","1738627204","0.195",""
"02-05-2025 00:00","1738713604","0.2",""
"02-06-2025 00:00","1738800005","0.185",""
"02-07-2025 00:00","1738886404","0.19",""
"02-08-2025 00:00","1738972804","0.19",""
"02-09-2025 00:00","1739059206","0.19",""
"02-10-2025 00:00","1739145605","0.19",""
"02-11-2025 00:00","1739232004","0.19",""
"02-12-2025 00:00","1739318404","0.19",""
"02-13-2025 00:00","1739404804","0.19",""
"02-14-2025 00:00","1739491205","0.195",""
"02-15-2025 00:00","1739577604","0.185",""
"02-16-2025 00:00","1739664004","0.185",""
"02-17-2025 00:00","1739750404","0.185",""
"02-18-2025 00:00","1739836804","0.185",""
"02-19-2025 00:00","1739923204","0.185",""
"02-20-2025 00:00","1740009604","0.19",""
"02-21-2025 00:00","1740096005","0.19",""
"02-22-2025 00:00","1740182405","0.19",""
"02-23-2025 00:00","1740268804","0.19",""
"02-24-2025 00:00","1740355204","0.19",""
"02-25-2025 00:00","1740441604","0.185",""
"02-26-2025 00:00","1740528005","0.185",""
"02-27-2025 00:00","1740614405","0.185",""
"02-28-2025 00:00","1740700805","0.195",""
"03-01-2025 00:00","1740787205","0.195",""
"03-02-2025 00:00","1740873605","0.195",""
"03-03-2025 00:00","1740960005","0.2",""
"03-04-2025 00:00","1741046405","0.2",""
"03-05-2025 00:00","1741132804","0.2",""
"03-06-2025 00:00","1741219205","0.205",""
"03-07-2025 00:00","1741305605","0.205",""
"03-08-2025 00:00","1741392005","0.2",""
"03-09-2025 00:00","1741478405","0.2",""
"03-10-2025 00:00","1741564804","0.2",""
"03-11-2025 00:00","1741651205","0.2",""
"03-12-2025 00:00","1741737605","0.205",""
"03-13-2025 00:00","1741824006","0.205",""
"03-14-2025 00:00","1741910405","0.205",""
"03-15-2025 00:00","1741996804","0.205",""
"03-16-2025 00:00","1742083204","0.195",""
"03-17-2025 00:00","1742169604","0.195",""
"03-18-2025 00:00","1742256005","0.195",""
"03-19-2025 00:00","1742342405","0.21",""
"03-20-2025 00:00","1742428805","0.215",""
"03-21-2025 00:00","1742515205","0.195",""
"03-22-2025 00:00","1742601606","0.195",""
"03-23-2025 00:00","1742688006","0.195",""
"03-24-2025 00:00","1742774405","0.195",""
"03-25-2025 00:00","1742860806","0.2",""
"03-26-2025 00:00","1742947205","0.2",""
"03-27-2025 00:00","1743033606","0.2",""
"03-28-2025 00:00","1743120006","0.185",""
"03-29-2025 00:00","1743206406","0.185",""
"03-30-2025 00:00","1743292806","0.185",""
"03-31-2025 00:00","1743379205","0.185",""
"04-01-2025 00:00","1743465605","0.185",""
"04-02-2025 00:00","1743552006","0.175",""
"04-03-2025 00:00","1743638405","0.175",""
"04-04-2025 00:00","1743724805","0.165",""
"04-05-2025 00:00","1743811205","0.165",""
"04-06-2025 00:00","1743897605","0.17",""
"04-07-2025 00:00","1743984006","0.165",""
"04-08-2025 00:00","1744070406","0.16",""
"04-09-2025 00:00","1744156806","0.16",""
"04-10-2025 00:00","1744243205","0.16",""
"04-11-2025 00:00","1744329605","0.16",""
"04-12-2025 00:00","1744416006","0.16",""
"04-13-2025 00:00","1744502405","0.17",""
"04-14-2025 00:00","1744588805","0.17",""
"04-15-2025 00:00","1744675205","0.17",""
"04-16-2025 00:00","1744761605","0.19",""
"04-17-2025 00:00","1744848006","0.18",""
"04-18-2025 00:00","1744934404","0.175",""
"04-19-2025 00:00","1745020806","0.175",""
"04-20-2025 00:00","1745107206","0.18",""
"04-21-2025 00:00","1745193606","0.18",""
"04-22-2025 00:00","1745280006","0.18",""
"04-23-2025 00:00","1745366407","0.175",""
"04-24-2025 00:00","1745452806","0.175",""
"04-25-2025 00:00","1745539206","0.175",""
"04-26-2025 00:00","1745625606","0.175",""
"04-27-2025 00:00","1745712005","0.175",""
"04-28-2025 00:00","1745798405","0.175",""
"04-29-2025 00:00","1745884805","0.175",""
"04-30-2025 00:00","1745971206","0.175",""
"05-01-2025 00:00","1746057606","0.165",""
"05-02-2025 00:00","1746144006","0.16",""
"05-03-2025 00:00","1746230406","0.155",""
"05-04-2025 00:00","1746316805","0.16",""
"05-05-2025 00:00","1746403205","0.155",""
"05-06-2025 00:00","1746489606","0.165",""
"05-07-2025 00:00","1746576005","0.155",""
"05-08-2025 00:00","1746662406","0.155",""
"05-09-2025 00:00","1746748807","0.165",""
"05-10-2025 00:00","1746835206","0.165",""
"05-11-2025 00:00","1746921606","0.15",""
"05-12-2025 00:00","1747008006","0.135",""
"05-13-2025 00:00","1747094406","0.135",""
"05-14-2025 00:00","1747180807","0.135",""
"05-15-2025 00:00","1747267207","0.14",""
"05-16-2025 00:00","1747353606","0.14",""
"05-17-2025 00:00","1747440007","0.145",""
"05-18-2025 00:00","1747526406","0.14",""
"05-19-2025 00:00","1747612806","0.14",""
"05-20-2025 00:00","1747699206","0.135",""
"05-21-2025 00:00","1747785606","0.115",""
"05-22-2025 00:00","1747872007","0.115",""
"05-23-2025 00:00","1747958407","0.115",""
"05-24-2025 00:00","1748044807","0.12",""
"05-25-2025 00:00","1748131206","0.13",""
"05-26-2025 00:00","1748217607","0.13",""
"05-27-2025 00:00","1748304006","0.13",""
"05-28-2025 00:00","1748390406","0.13",""
"05-29-2025 00:00","1748476807","0.125",""
"05-30-2025 00:00","1748563207","0.12",""
"05-31-2025 00:00","1748649607","0.12",""
"06-01-2025 00:00","1748736007","0.12",""
"06-02-2025 00:00","1748822406","0.12",""
"06-03-2025 00:00","1748908807","0.12",""
"06-04-2025 00:00","1748995206","0.105",""
"06-05-2025 00:00","1749081606","0.105",""
"06-06-2025 00:00","1749168006","0.105",""
"06-07-2025 00:00","1749254407","0.105",""
"06-08-2025 00:00","1749340807","0.105",""
"06-09-2025 00:00","1749427207","0.105",""
"06-10-2025 00:00","1749513606","0.105",""
"06-11-2025 00:00","1749600007","0.105",""
"06-12-2025 00:00","1749686407","0.105",""
"06-13-2025 00:00","1749772807","0.105",""
"06-14-2025 00:00","1749859208","0.105",""
"06-15-2025 00:00","1749945608","0.105",""
"06-16-2025 00:00","1750032007","0.1",""
"06-17-2025 00:00","1750118408","0.1",""
"06-18-2025 00:00","1750204808","0.1",""
"06-19-2025 00:00","1750291207","0.11",""
"06-20-2025 00:00","1750377608","0.11",""
"06-21-2025 00:00","1750464008","0.11",""
"06-22-2025 00:00","1750550406","0.11",""
"06-23-2025 00:00","1750636807","0.105",""
"06-24-2025 00:00","1750723207","0.105",""
"06-25-2025 00:00","1750809607","0.105",""
"06-26-2025 00:00","1750896008","0.095",""
"06-27-2025 00:00","1750982407","0.1",""
"06-28-2025 00:00","1751068807","0.1",""
"06-29-2025 00:00","1751155208","0.1",""
"06-30-2025 00:00","1751241607","0.1",""
"07-01-2025 00:00","1751328008","0.1",""
"07-02-2025 00:00","1751414407","0.095",""
"07-03-2025 00:00","1751500808","0.1",""
"07-04-2025 00:00","1751587208","0.1",""
"07-05-2025 00:00","1751673608","0.095",""
"07-06-2025 00:00","1751760007","0.1",""
"07-07-2025 00:00","1751846407","0.095",""
"07-08-2025 00:00","1751932808","0.095",""
"07-09-2025 00:00","1752019207","0.095",""
"07-10-2025 00:00","1752105608","0.105",""
"07-11-2025 00:00","1752192008","0.105",""
"07-12-2025 00:00","1752278409","0.105",""
"07-13-2025 00:00","1752364808","0.105",""
"07-14-2025 00:00","1752451207","0.105",""
"07-15-2025 00:00","1752537608","0.105",""
"07-16-2025 00:00","1752624008","0.105",""
"07-17-2025 00:00","1752710408","0.105",""
"07-18-2025 00:00","1752796808","0.105",""
"07-19-2025 00:00","1752883209","0.105",""
"07-20-2025 00:00","1752969608","0.105",""
"07-21-2025 00:00","1753056007","0.105",""
"07-22-2025 00:00","1753142409","0.09",""
"07-23-2025 00:00","1753228809","0.09",""
"07-24-2025 00:00","1753315209","0.09",""
"07-25-2025 00:00","1753401609","0.09",""
"07-26-2025 00:00","1753488009","0.075",""
"07-27-2025 00:00","1753574410","0.075",""
"07-28-2025 00:00","1753660809","0.09",""
"07-29-2025 00:00","1753747210","0.095",""
"07-30-2025 00:00","1753833610","0.11",""
"07-31-2025 00:00","1753920008","0.125",""
"08-01-2025 00:00","1754006409","0.11",""
"08-02-2025 00:00","1754092809","0.095",""
"08-03-2025 00:00","1754179208","0.1",""
"08-04-2025 00:00","1754265607","0.105",""
"08-05-2025 00:00","1754352008","0.095",""
"08-06-2025 00:00","1754438409","0.095",""
"08-07-2025 00:00","1754524807","0.095",""
"08-08-2025 00:00","1754611208","0.105",""
"08-09-2025 00:00","1754697614","0.125",""
"08-10-2025 00:00","1754784005","0.12",""
"08-11-2025 00:00","1754870402","0.13",""
"08-12-2025 00:00","1754956809","0.135",""
"08-13-2025 00:00","1755043205","0.145",""
"08-14-2025 00:00","1755129605","0.13",""
"08-15-2025 00:00","1755216014","0.145",""
"08-16-2025 00:00","1755302408","0.15",""
"08-17-2025 00:00","1755388805","0.195",""
"08-18-2025 00:00","1755475207","0.19",""
"08-19-2025 00:00","1755561616","0.22",""
"08-20-2025 00:00","1755648003","0.28",""
"08-21-2025 00:00","1755734408","0.19",""
"08-22-2025 00:00","1755820804","0.235",""
"08-23-2025 00:00","1755907209","0.23",""
"08-24-2025 00:00","1755993607","0.235",""
"08-25-2025 00:00","1756080009","0.24",""
"08-26-2025 00:00","1756166407","0.19",""
"08-27-2025 00:00","1756252810","0.195",""
"08-28-2025 00:00","1756339204","0.215",""
"08-29-2025 00:00","1756425604","0.205",""
"08-30-2025 00:00","1756512007","0.21",""
"08-31-2025 00:00","1756598418","0.165",""
"09-01-2025 00:00","1756684814","0.185",""
"09-02-2025 00:00","1756771208","0.185",""
"09-03-2025 00:00","1756857604","0.185",""
"09-04-2025 00:00","1756944012","0.155",""
"09-05-2025 00:00","1757030408","0.145",""
"09-06-2025 00:00","1757116812","0.135",""
"09-07-2025 00:00","1757203205","0.165",""
"09-08-2025 00:00","1757289612","0.115",""
"09-09-2025 00:00","1757376012","0.155",""
"09-10-2025 00:00","1757462414","0.145",""
"09-11-2025 00:00","1757548812","0.155",""
"09-12-2025 00:00","1757635214","0.125",""
"09-13-2025 00:00","1757721609","0.135",""
"09-14-2025 00:00","1757808007","0.135",""
"09-15-2025 00:00","1757894403","0.125",""
"09-16-2025 00:00","1757980805","0.125",""
"09-17-2025 00:00","1758067216","0.125",""
"09-18-2025 00:00","1758153608","0.125",""
"09-19-2025 00:00","1758240013","0.115",""
"09-20-2025 00:00","1758326419","0.115",""
"09-21-2025 00:00","1758412802","0.13",""
"09-22-2025 00:00","1758499208","0.135",""
"09-23-2025 00:00","1758585610","0.125",""
"09-24-2025 00:00","1758672011","0.13",""
"09-25-2025 00:00","1758758402","0.13",""
"09-26-2025 00:00","1758844815","0.125",""
"09-27-2025 00:00","1758931205","0.135",""
"09-28-2025 00:00","1759017611","0.125",""
"09-29-2025 00:00","1759104006","0.125",""
"09-30-2025 00:00","1759190405","0.15",""
"10-01-2025 00:00","1759276808","0.165",""
"10-02-2025 00:00","1759363206","0.155",""
"10-03-2025 00:00","1759449609","0.145",""
"10-04-2025 00:00","1759536009","0.135",""
"10-05-2025 00:00","1759622408","0.145",""
"10-06-2025 00:00","1759708809","0.155",""
"10-07-2025 00:00","1759795205","0.145",""
"10-08-2025 00:00","1759881610","0.155",""
"10-09-2025 00:00","1759968007","0.145",""
"10-10-2025 00:00","1760054419","0.155",""
"10-11-2025 00:00","1760140810","0.19",""
"10-12-2025 00:00","1760227216","0.185",""
"10-13-2025 00:00","1760313613","0.195",""
"10-14-2025 00:00","1760400010","0.16",""
"10-15-2025 00:00","1760486409","0.165",""
"10-16-2025 00:00","1760572822","0.175",""
"10-17-2025 00:00","1760659213","0.175",""
"10-18-2025 00:00","1760745608","0.205",""
"10-19-2025 00:00","1760832021","0.225",""
"10-20-2025 00:00","1760918421","0.215",""
"10-21-2025 00:00","1761004812","0.185",""
"10-22-2025 00:00","1761091217","0.195",""
"10-23-2025 00:00","1761177609","0.185",""
"10-24-2025 00:00","1761264014","0.21",""
"10-25-2025 00:00","1761350413","0.245",""
"10-26-2025 00:00","1761436815","0.235",""
"10-27-2025 00:00","1761523214","0.235",""
"10-28-2025 00:00","1761609617","0.215",""
"10-29-2025 00:00","1761696016","0.245",""
"10-30-2025 00:00","1761782416","0.23",""
"10-31-2025 00:00","1761868811","0.22",""
"11-01-2025 00:00","1761955215","0.285",""
"11-02-2025 00:00","1762041613","0.245",""
"11-03-2025 00:00","1762128013","0.235",""
"11-04-2025 00:00","1762214415","0.215",""
"11-05-2025 00:00","1762300815","0.165",""
"11-06-2025 00:00","1762387210","0.205",""
"11-07-2025 00:00","1762473615","0.125",""
"11-08-2025 00:00","1762560011","0.17",""
"11-09-2025 00:00","1762646427","0.155",""
"11-10-2025 00:00","1762732811","0.125",""
"11-11-2025 00:00","1762819216","0.125",""
"11-12-2025 00:00","1762905615","0.135",""
"11-13-2025 00:00","1762992015","0.145",""
"11-14-2025 00:00","1763078414","0.165",""
"11-15-2025 00:00","1763164816","0.165",""
"11-16-2025 00:00","1763251212","0.165",""
"11-17-2025 00:00","1763337615","0.165",""
"11-18-2025 00:00","1763424012","0.155",""
"11-19-2025 00:00","1763510418","0.145",""
"11-20-2025 00:00","1763596812","0.145",""
"11-21-2025 00:00","1763683218","0.15",""
"11-22-2025 00:00","1763769613","0.165",""
"11-23-2025 00:00","1763856014","0.225",""
"11-24-2025 00:00","1763942413","0.25",""
"11-25-2025 00:00","1764028816","0.205",""
"11-26-2025 00:00","1764115214","0.155",""
"11-27-2025 00:00","1764201616","0.165",""
"11-28-2025 00:00","1764288015","0.165",""
"11-29-2025 00:00","1764374421","0.145",""
"11-30-2025 00:00","1764460816","0.23",""
"12-01-2025 00:00","1764547217","0.175",""
"12-02-2025 00:00","1764633612","0.225",""
"12-03-2025 00:00","1764720018","0.225",""
"12-04-2025 00:00","1764806413","0.165",""
"12-05-2025 00:00","1764892814","0.155",""
"12-06-2025 00:00","1764979215","0.145",""
"12-07-2025 00:00","1765065628","0.135",""
"12-08-2025 00:00","1765152027","0.115",""
"12-09-2025 00:00","1765238425","0.085",""
"12-10-2025 00:00","1765324813","0.105",""
"12-11-2025 00:00","1765411213","0.075",""
"12-12-2025 00:00","1765497614","0.085",""
"12-13-2025 00:00","1765584015","0.075","0.195"
"12-14-2025 00:00","1765670416","0.075","0.205"
"12-15-2025 00:00","1765756817","0.075","0.185"
"12-16-2025 00:00","1765843214","0.055","0.165"
"12-17-2025 00:00","1765929611","0.0425","0.195"
"12-18-2025 00:00","1766016023","0.0705","0.245"
"12-19-2025 00:00","1766102414","0.044","0.185"
"12-20-2025 00:00","1766188814","0.0475","0.145"
"12-21-2025 00:00","1766275214","0.0265","0.125"
"12-22-2025 00:00","1766361614","0.029","0.175"
"12-23-2025 00:00","1766448016","0.0405","0.155"
"12-24-2025 00:00","1766534416","0.034","0.135"
"12-25-2025 00:00","1766620825","0.0235","0.145"
"12-26-2025 00:00","1766707212","0.039","0.135"
"12-27-2025 00:00","1766793615","0.0355","0.145"
"12-28-2025 00:00","1766880016","0.0175","0.135"
"12-29-2025 00:00","1766966432","0.011","0.115"
"12-30-2025 00:00","1767052819","0.0055","0.095"
"12-31-2025 00:00","1767139215","0.0025","0.075"
"01-01-2026 00:00","1767225616","0.0015","0.085"
"01-02-2026 00:00","1767312021","","0.055"
"01-03-2026 00:00","1767398419","","0.075"